X,Y,id,Name,icon_url
172.580358155901,-43.5407605542426,,5 or 6 Departures,./0.png
