X,Y,id,Name,icon_url
172.58188099848,-43.5406018019564,,3 or 4 Departures,./0.png
