X,Y,id,Name,icon_url
172.590150764275,-43.5412284706809,,10 South or Matipo Leg,./0.png
