X,Y,id,Name,icon_url
172.590579282999,-43.5411595326661,,12 South or Matipo Leg,./0.png
