X,Y,id,Name,icon_url
172.583236868704,-43.5410953958229,,14 South or Leg,./0.png
