X,Y,id,Name,icon_url
172.583670724236,-43.5411632545135,,12 South or Leg,./0.png
