X,Y,id,Name,icon_url
172.593237082801,-43.5408488251884,,Loop 2 or The Centre,./0.png
