X,Y,id,Name,icon_url
172.590792212808,-43.5411269733332,,13 South or Matipo Leg,./0.png
