X,Y,id,Name,icon_url
172.585168374038,-43.5413994499386,,5 South or Leg,./0.png
