X,Y,id,Name,icon_url
172.581235393669,-43.5406178234923,,1 or 2 Departures,./0.png
