X,Y,id,Name,icon_url
172.584370742933,-43.5408452802618,,5 North or Leg,./0.png
