X,Y,id,Name,icon_url
172.581542911989,-43.5406120552848,,2 or 4 Departures,./0.png
