X,Y,id,Name,icon_url
172.587576172455,-43.5400640629342,,21 or 23 Road,./0.png
