X,Y,id,Name,icon_url
172.588441947323,-43.5415038425862,,2 & 1 South,./0.png
