X,Y,id,Name,icon_url
172.584949089545,-43.5413674301524,,6 South or Leg,./0.png
