X,Y,id,Name,icon_url
172.587797857158,-43.5400598832857,,21 or 22 Road,./0.png
