X,Y,id,Name,icon_url
172.587376511349,-43.5400813438824,,21 or 25 Road,./0.png
