X,Y,id,Name,icon_url
172.578689058684,-43.5409725543291,,Arivals 202,./0.png
