X,Y,id,Name,icon_url
172.583057060081,-43.5411154973307,,RR or L2L2,./0.png
