X,Y,id,Name,icon_url
172.592132541042,-43.5406824951927,,10 or 11 North,./0.png
