X,Y,id,Name,icon_url
172.585381671479,-43.5414330285525,,4 South or Leg,./0.png
