X,Y,id,Name,icon_url
172.578543676835,-43.5408656903459,,Departures 203,./0.png
