X,Y,id,Name,icon_url
172.584893818527,-43.5408081138387,,6 Departures or Leg,./0.png
