X,Y,id,Name,icon_url
172.591231216016,-43.5410645815191,,15 South or Matipo Leg,./0.png
