X,Y,id,Name,icon_url
172.583001773867,-43.5410568001928,,15 South or Leg,./0.png
