X,Y,id,Name,icon_url
172.584314003989,-43.5412630817527,,9 South or Leg,./0.png
