X,Y,id,Name,icon_url
172.584532136956,-43.5408807205049,,5 Departure or Leg,./0.png
