X,Y,id,Name,icon_url
172.586377339689,-43.540140163739,,21 or 31&32 Road,./0.png
