X,Y,id,Name,icon_url
172.584017163321,-43.5408880401922,,4 North or Leg,./0.png
