X,Y,id,Name,icon_url
172.586310902819,-43.5401544776462,,4 or 2 Departures,./0.png
