X,Y,id,Name,icon_url
172.580815381945,-43.5410292741045,,Tower or Loop 1,./0.png
