X,Y,id,Name,icon_url
172.585520397358,-43.5408027268746,,13 or 14 Alongside,./0.png
