X,Y,id,Name,icon_url
172.5880779047,-43.5396805664023,,31 or 32 Road,./0.png
