X,Y,id,Name,icon_url
172.592460876054,-43.5407127745526,,9 North or 10/11,./0.png
