X,Y,id,Name,icon_url
172.58580662902,-43.5415013643744,,2 & 1 South,./0.png
