X,Y,id,Name,icon_url
172.587726208707,-43.539989151623,,24 or 25 Road,./0.png
