X,Y,id,Name,icon_url
172.583368346859,-43.5409113392217,,2 Exchange or Leg,./0.png
