X,Y,id,Name,icon_url
172.583954724784,-43.541009800781,,16 Towards 2 Exchange,./0.png
172.584750793574,-43.5410113542812,,16 Towards 2 Exchange,./0.png
