X,Y,id,Name,icon_url
172.583338216983,-43.5411963607546,,L2L2 or L1,./0.png
