X,Y,id,Name,icon_url
172.586451315823,-43.5403323179473,,21-25 or 31-32 Road,./0.png
