X,Y,id,Name,icon_url
172.582800376055,-43.5410252736962,,16 Exchange or Leg,./0.png
