X,Y,id,Name,icon_url
172.591003038997,-43.5410940230712,,14 South or Matipo Leg,./0.png
