X,Y,id,Name,icon_url
172.584526320757,-43.5412971228962,,8 South or Leg,./0.png
