X,Y,id,Name,icon_url
172.590363704923,-43.5411943801569,,11 South or Matipo Leg,./0.png
