X,Y,id,Name,icon_url
172.585593877117,-43.541467393291,,3 South or Leg,./0.png
