X,Y,id,Name,icon_url
172.583647359431,-43.5409165686833,,3 North or Leg,./0.png
