X,Y,id,Name,icon_url
172.583457334528,-43.5411293382641,,13 South or Leg,./0.png
