X,Y,id,Name,icon_url
172.585204543759,-43.540795453297,,Gulley or 13&14 Alongside,./0.png
