X,Y,id,Name,icon_url
172.583882791791,-43.5411965220765,,11 South or Leg,./0.png
