X,Y,id,Name,icon_url
172.584738528134,-43.5413310939891,,7 South or Leg,./0.png
