X,Y,id,Name,icon_url
172.584098404405,-43.5412288369274,,10 South or Leg,./0.png
