X,Y,id,Name,icon_url
172.586089432388,-43.5402042330449,,3 or 4 Departures,./0.png
