X,Y,id,Name,icon_url
172.58395436026,-43.5409862445149,,2 towards 16 Exchange,./0.png
172.584748363506,-43.5409818539048,,2 Towards 16 Exchange,./0.png
